<?xml version="1.0" encoding="UTF-8"?>
<project-private xmlns="http://www.netbeans.org/ns/project-private/1">
    <editor-bookmarks xmlns="http://www.netbeans.org/ns/editor-bookmarks/1">
        <file>
            <url>src/to/tetramorph/starbase/DataExplorerPanel.java</url>
            <line>0</line>
            <line>0</line>
            <line>0</line>
            <line>0</line>
            <line>0</line>
        </file>
        <file>
            <url>src/to/tetramorph/starbase/MainFrame.java</url>
            <line>0</line>
        </file>
        <file>
            <url>src/to/tetramorph/starbase/TimePanel3.java</url>
            <line>75</line>
        </file>
        <file>
            <url>src/to/tetramorph/starbase/ChartInternalFrame.java</url>
            <line>364</line>
        </file>
        <file>
            <url>src/to/tetramorph/starbase/ReportChartModulePane.java</url>
            <line>155</line>
        </file>
        <file>
            <url>src/to/tetramorph/starbase/TimeManeuverPanel.java</url>
            <line>0</line>
        </file>
        <file>
            <url>src/to/tetramorph/starbase/SpecificCustomizer.java</url>
            <line>266</line>
        </file>
        <file>
            <url>src/to/tetramorph/starbase/ChartPane.java</url>
            <line>295</line>
            <line>365</line>
            <line>614</line>
            <line>874</line>
        </file>
        <file>
            <url>src/to/tetramorph/starbase/Database.java</url>
            <line>858</line>
            <line>875</line>
        </file>
        <file>
            <url>src/to/tetramorph/starbase/ChartDataPanel.java</url>
            <line>0</line>
        </file>
        <file>
            <url>src/to/tetramorph/starbase/SabianDialog.java</url>
            <line>0</line>
        </file>
        <file>
            <url>src/to/tetramorph/starbase/HoroscopeChartModulePane.java</url>
            <line>313</line>
        </file>
        <file>
            <url>src/database/PlanetComboBox.java</url>
            <line>71</line>
        </file>
        <file>
            <url>src/to/tetramorph/starbase/Main.java</url>
            <line>104</line>
            <line>242</line>
            <line>393</line>
            <line>507</line>
            <line>566</line>
            <line>592</line>
            <line>806</line>
            <line>1036</line>
        </file>
        <file>
            <url>src/to/tetramorph/starbase/PlaceChooser.java</url>
            <line>0</line>
        </file>
    </editor-bookmarks>
    <open-files xmlns="http://www.netbeans.org/ns/projectui-open-files/1">
        <file>file:/C:/Users/ohsawa/Documents/NetBeansProjects/Amateru/starbase/src/to/tetramorph/starbase/Database.java</file>
        <file>file:/C:/Users/ohsawa/Documents/NetBeansProjects/Amateru/starbase/src/to/tetramorph/starbase/Initiater.java</file>
        <file>file:/C:/Users/ohsawa/Documents/NetBeansProjects/Amateru/starbase/src/to/tetramorph/starbase/Starbase.java</file>
    </open-files>
</project-private>
